Structure,Channel,Inner_mouth_radius,Outer_mouth_radius
6LQA,SCN,10.505120271485064,19.12923977024809
6UZ0,SCN,6.127747467371411,18.96203072683381
6UZ3,SCN,6.279440665750427,19.10194452195238
7DTC,SCN,10.516912449494374,19.061831389479345
7FBS,SCN,6.191538509205071,18.944064774212986
6AGF,SCN,6.790181518681204,18.724767078165232
7DTD,SCN,6.600581366810663,18.886286430573882
6J8E,SCN,10.36094358661027,18.784352669797702
6J8G,SCN,5.857168131066941,18.94604048859897
6J8H,SCN,5.856806117308514,18.92071978352765
6J8I,SCN,6.368304070719859,18.963394751089687
6J8J,SCN,6.368317658918891,18.963318480544824
6NT3,SCN,5.787635410466254,19.23896589042763
6NT4,SCN,5.734963205095419,18.74272987889476
7TJ8,SCN,6.476051638987053,19.242099900085687
7TJ9,SCN,6.272103736271495,19.565949256228073
6N4Q,SCN,6.9801767170761835,19.58687540013146
6N4R,SCN,6.646865536933771,18.549360696123042
6VXO,SCN,8.498859936161459,18.764654804276546
7K18,SCN,6.168734842714238,19.134344533704454
7K48,SCN,6.9344322161120555,19.638465449301652
7EJ1,KCN,7.112661923039254,18.20149571483816
7EJ2,KCN,7.024481765571063,18.9977222300573
7WF3,KCN,7.291397800571092,18.879942141967433
7WF4,KCN,5.886064092671739,18.241302101840386
6EBK,KCN,6.71941265986163,18.423302985248572
6EBL,KCN,4.9109348254152945,19.581231174393533
6EBM,KCN,8.058721683794257,17.221849611627707
6UZZ,KCN,8.316993270745822,16.568649280023504
6V00,KCN,7.618755924205053,17.697004386415575
6V01,KCN,6.7605532963313575,17.672856004268166
