Structure,Channel,Average_radius,Max_radius,Min_radius
6LQA,SCN,8.537305518296229,11.73148423372145,5.20541639176275
6UZ0,SCN,6.744044705760349,8.786804448070683,4.434245458865751
6UZ3,SCN,6.914550837121968,9.16409361672488,4.107843589295367
7DTC,SCN,7.601429474426327,12.13064990071004,4.602573287124672
7FBS,SCN,6.818366412548598,8.717081124668903,4.35592044523982
6AGF,SCN,7.095716412287337,9.795931601140436,4.980745817116953
7DTD,SCN,7.442458434588823,9.625523028045244,4.966268704884155
6J8E,SCN,7.399261036347165,9.828181980040382,4.8536581585672
6J8G,SCN,7.317446982805327,10.053677725803116,5.104914051580497
6J8H,SCN,7.317413255021555,10.053889382494445,5.104843418034136
6J8I,SCN,7.312619003205246,10.209570687935098,5.095162417794924
6J8J,SCN,7.312576507611581,10.209746862766293,5.095162417794924
6NT3,SCN,6.95379567999979,9.452608533640426,2.9440139457597265
6NT4,SCN,7.17044639398895,9.946593806833594,3.442405552308062
7TJ8,SCN,7.900457656100228,11.003323987902638,4.972883094953591
7TJ9,SCN,7.27949261563815,10.43527278241056,4.862937001033611
6N4Q,SCN,6.105879413734715,8.023560594436434,4.612338150464945
6N4R,SCN,5.18832964071235,8.977865403535585,3.63853586342582
6VXO,SCN,5.987051653708542,9.435663340632452,2.8890878925816756
7K18,SCN,7.447747429046536,11.843671984604345,5.17219483422962
7K48,SCN,6.899992267123192,9.44785041657149,4.458001822280324
7EJ1,KCN,8.538582269782738,16.763209651707243,3.9870895312832295
7EJ2,KCN,7.861421495732747,16.548863700260075,3.80811353334344
7WF3,KCN,8.758780200258487,17.21419856915559,3.135740813891187
7WF4,KCN,8.836684074892306,17.454159491131033,4.187689272604922
6EBK,KCN,8.532815075740931,17.184289155960908,3.837795897937007
6EBL,KCN,9.196790497259146,17.868824336674905,5.321266881918351
6EBM,KCN,8.717895212510522,17.208675533024667,3.8416746189165254
6UZZ,KCN,5.564173794910399,8.197983717697015,3.8579567095046143
6V00,KCN,5.673093024149947,8.168638703718411,3.924074722718773
6V01,KCN,5.69757417166629,8.029864928699318,3.9595080240349123
